Unnamed: 0,req0,req1,req2,req3,req4,test0,test1,test2,test3,test4
0,0.03104445,-0.02705148,-0.046067983,-0.039781854,-0.0044318945,0.03104445,-0.02705148,-0.046067983,-0.039781854,-0.0044318945
