,req0,req1,req2,req3,req4
0,0.03104445,-0.02705148,-0.046067983,-0.039781854,-0.0044318945
